InvoiceNo,StockCode,Description,Quantity,InvoiceDate,UnitPrice,CustomerID,Country
530000,P0005,LUNCH BAG RED RETROSPOT,6,24/09/2024 14:51,1.65,12098,United Kingdom
530000,P0005,LUNCH BAG RED RETROSPOT,2,27/12/2024 19:34,1.65,12031,Spain
530001,P0005,LUNCH BAG RED RETROSPOT,14,15/07/2024 19:26,1.65,12040,United Kingdom
530001,P0007,PACK OF 72 RETROSPOT CAKE CASES,3,23/11/2024 18:46,0.55,12007,Belgium
530002,P0004,PARTY BUNTING,3,12/03/2024 20:56,4.95,12068,Spain
530002,P0004,PARTY BUNTING,6,13/10/2024 20:43,4.95,12112,United Kingdom
530003,P0007,PACK OF 72 RETROSPOT CAKE CASES,2,23/11/2024 09:19,0.55,12109,United Kingdom
530003,P0003,JUMBO BAG RED RETROSPOT,11,30/08/2024 18:38,1.95,12104,France
530004,P0007,PACK OF 72 RETROSPOT CAKE CASES,6,16/09/2024 13:01,0.55,12114,United Kingdom
530004,P0006,SET OF 3 CAKE TINS PANTRY DESIGN,10,30/06/2024 08:30,4.95,12111,France
530005,P0009,ASSORTED COLOUR BIRD ORNAMENT,4,26/07/2024 11:07,1.69,12067,Netherlands
530005,P0002,REGENCY CAKESTAND 3 TIER,13,03/07/2024 08:17,12.75,12095,United Kingdom
530006,P0009,ASSORTED COLOUR BIRD ORNAMENT,15,05/11/2024 16:34,1.69,12084,United Kingdom
530006,P0003,JUMBO BAG RED RETROSPOT,6,06/06/2024 13:20,1.95,12073,United Kingdom
530007,P0006,SET OF 3 CAKE TINS PANTRY DESIGN,1,23/10/2024 20:17,4.95,12044,United Kingdom
530007,P0005,LUNCH BAG RED RETROSPOT,8,10/01/2024 15:47,1.65,12093,Germany
530008,P0002,REGENCY CAKESTAND 3 TIER,12,11/04/2024 12:16,12.75,12116,Belgium
530008,P0010,NATURAL SLATE HEART CHALKBOARD,9,05/09/2024 08:39,2.95,12051,Germany
530009,P0007,PACK OF 72 RETROSPOT CAKE CASES,3,05/09/2024 19:37,0.55,12032,United Kingdom
530009,P0004,PARTY BUNTING,1,18/03/2024 18:07,4.95,12068,EIRE
530010,P0006,SET OF 3 CAKE TINS PANTRY DESIGN,13,05/06/2024 20:56,4.95,12020,United Kingdom
530010,P0005,LUNCH BAG RED RETROSPOT,14,02/08/2024 09:44,1.65,12051,United Kingdom
530011,P0002,REGENCY CAKESTAND 3 TIER,9,02/09/2024 09:34,12.75,12030,Germany
530011,P0010,NATURAL SLATE HEART CHALKBOARD,3,25/04/2024 16:16,2.95,12006,France
530012,P0008,PAPER CHAIN KIT 50'S CHRISTMAS,4,06/09/2024 17:25,2.55,12066,United Kingdom
530012,P0008,PAPER CHAIN KIT 50'S CHRISTMAS,13,16/11/2024 15:04,2.55,12061,United Kingdom
530013,P0010,NATURAL SLATE HEART CHALKBOARD,1,11/06/2024 11:23,2.95,12073,Netherlands
530013,P0001,WHITE HANGING HEART T-LIGHT HOLDER,15,17/10/2024 16:27,2.95,12074,EIRE
530014,P0010,NATURAL SLATE HEART CHALKBOARD,6,27/03/2024 16:14,2.95,12096,United Kingdom
530014,P0006,SET OF 3 CAKE TINS PANTRY DESIGN,8,18/04/2024 12:27,4.95,12066,United Kingdom
530015,P0004,PARTY BUNTING,10,24/02/2024 16:00,4.95,12070,Spain
530015,P0008,PAPER CHAIN KIT 50'S CHRISTMAS,14,01/04/2024 15:29,2.55,12068,United Kingdom
530016,P0001,WHITE HANGING HEART T-LIGHT HOLDER,5,08/10/2024 15:28,2.95,12001,United Kingdom
530016,P0006,SET OF 3 CAKE TINS PANTRY DESIGN,4,27/08/2024 13:48,4.95,12012,United Kingdom
530017,P0001,WHITE HANGING HEART T-LIGHT HOLDER,1,22/09/2024 18:44,2.95,12090,United Kingdom
530017,P0002,REGENCY CAKESTAND 3 TIER,13,03/06/2024 17:13,12.75,12107,Spain
530018,P0004,PARTY BUNTING,14,14/01/2024 15:34,4.95,12108,Germany
530018,P0007,PACK OF 72 RETROSPOT CAKE CASES,1,23/07/2024 20:07,0.55,12007,France
530019,P0005,LUNCH BAG RED RETROSPOT,6,06/04/2024 16:16,1.65,12069,United Kingdom
530019,P0001,WHITE HANGING HEART T-LIGHT HOLDER,9,24/10/2024 14:25,2.95,12043,France
530020,P0001,WHITE HANGING HEART T-LIGHT HOLDER,11,11/02/2024 20:47,2.95,12036,France
530020,P0006,SET OF 3 CAKE TINS PANTRY DESIGN,3,15/06/2024 13:07,4.95,12031,United Kingdom
530021,P0002,REGENCY CAKESTAND 3 TIER,5,10/09/2024 12:28,12.75,12087,United Kingdom
530021,P0004,PARTY BUNTING,8,03/08/2024 12:43,4.95,12027,United Kingdom
530022,P0003,JUMBO BAG RED RETROSPOT,13,15/09/2024 20:36,1.95,12055,United Kingdom
530022,P0007,PACK OF 72 RETROSPOT CAKE CASES,13,12/08/2024 16:57,0.55,12097,United Kingdom
530023,P0003,JUMBO BAG RED RETROSPOT,3,19/03/2024 18:35,1.95,12119,United Kingdom
530023,P0005,LUNCH BAG RED RETROSPOT,15,11/06/2024 15:51,1.65,12078,United Kingdom
530024,P0003,JUMBO BAG RED RETROSPOT,13,30/04/2024 10:57,1.95,12070,United Kingdom
530024,P0008,PAPER CHAIN KIT 50'S CHRISTMAS,13,13/06/2024 16:48,2.55,12016,United Kingdom
530025,P0005,LUNCH BAG RED RETROSPOT,9,27/05/2024 11:31,1.65,12000,United Kingdom
530025,P0008,PAPER CHAIN KIT 50'S CHRISTMAS,2,21/11/2024 09:21,2.55,12113,United Kingdom
530026,P0003,JUMBO BAG RED RETROSPOT,2,20/09/2024 14:15,1.95,12009,Netherlands
530026,P0008,PAPER CHAIN KIT 50'S CHRISTMAS,6,27/05/2024 13:58,2.55,12019,United Kingdom
530027,P0006,SET OF 3 CAKE TINS PANTRY DESIGN,15,16/05/2024 12:24,4.95,12080,United Kingdom
530027,P0005,LUNCH BAG RED RETROSPOT,4,14/03/2024 14:06,1.65,12069,United Kingdom
530028,P0007,PACK OF 72 RETROSPOT CAKE CASES,5,08/07/2024 19:27,0.55,12039,Netherlands
530028,P0006,SET OF 3 CAKE TINS PANTRY DESIGN,1,26/07/2024 18:13,4.95,12072,United Kingdom
530029,P0008,PAPER CHAIN KIT 50'S CHRISTMAS,7,25/10/2024 08:22,2.55,12033,United Kingdom
530029,P0003,JUMBO BAG RED RETROSPOT,13,18/12/2024 12:28,1.95,12024,United Kingdom
530030,P0004,PARTY BUNTING,4,16/04/2024 13:47,4.95,12107,France
530030,P0004,PARTY BUNTING,6,13/07/2024 09:29,4.95,12100,Germany
530031,P0008,PAPER CHAIN KIT 50'S CHRISTMAS,14,05/03/2024 17:30,2.55,12016,Germany
530031,P0007,PACK OF 72 RETROSPOT CAKE CASES,4,30/04/2024 14:49,0.55,12048,Germany
530032,P0004,PARTY BUNTING,6,05/09/2024 13:54,4.95,12119,Netherlands
530032,P0001,WHITE HANGING HEART T-LIGHT HOLDER,8,19/04/2024 10:31,2.95,12111,United Kingdom
530033,P0003,JUMBO BAG RED RETROSPOT,8,29/11/2024 15:06,1.95,12060,United Kingdom
530033,P0005,LUNCH BAG RED RETROSPOT,3,07/03/2024 11:10,1.65,12015,United Kingdom
530034,P0002,REGENCY CAKESTAND 3 TIER,15,29/05/2024 15:03,12.75,12078,United Kingdom
530034,P0005,LUNCH BAG RED RETROSPOT,11,26/11/2024 12:34,1.65,12033,United Kingdom
530035,P0001,WHITE HANGING HEART T-LIGHT HOLDER,12,15/10/2024 08:49,2.95,12068,United Kingdom
530035,P0001,WHITE HANGING HEART T-LIGHT HOLDER,5,09/11/2024 09:45,2.95,12044,United Kingdom
530036,P0009,ASSORTED COLOUR BIRD ORNAMENT,2,03/09/2024 11:49,1.69,12047,United Kingdom
530036,P0008,PAPER CHAIN KIT 50'S CHRISTMAS,6,02/09/2024 15:21,2.55,12001,Belgium
530037,P0002,REGENCY CAKESTAND 3 TIER,6,03/11/2024 20:50,12.75,12019,United Kingdom
530037,P0009,ASSORTED COLOUR BIRD ORNAMENT,2,14/07/2024 09:39,1.69,12050,United Kingdom
530038,P0008,PAPER CHAIN KIT 50'S CHRISTMAS,3,26/02/2024 18:47,2.55,12070,Germany
530038,P0005,LUNCH BAG RED RETROSPOT,1,14/08/2024 08:43,1.65,12013,Belgium
530039,P0004,PARTY BUNTING,5,19/02/2024 10:30,4.95,12038,France
530039,P0009,ASSORTED COLOUR BIRD ORNAMENT,1,04/06/2024 17:21,1.69,12049,United Kingdom
530040,P0002,REGENCY CAKESTAND 3 TIER,15,02/01/2024 18:29,12.75,12096,United Kingdom
530040,P0001,WHITE HANGING HEART T-LIGHT HOLDER,14,14/06/2024 19:29,2.95,12068,United Kingdom
530041,P0010,NATURAL SLATE HEART CHALKBOARD,15,26/11/2024 15:19,2.95,12110,United Kingdom
530041,P0002,REGENCY CAKESTAND 3 TIER,11,29/10/2024 18:09,12.75,12004,United Kingdom
530042,P0004,PARTY BUNTING,14,19/03/2024 17:43,4.95,12053,United Kingdom
530042,P0007,PACK OF 72 RETROSPOT CAKE CASES,13,13/02/2024 09:52,0.55,12065,United Kingdom
530043,P0005,LUNCH BAG RED RETROSPOT,10,28/07/2024 14:51,1.65,12064,United Kingdom
530043,P0004,PARTY BUNTING,14,26/07/2024 17:08,4.95,12029,United Kingdom
530044,P0006,SET OF 3 CAKE TINS PANTRY DESIGN,13,02/12/2024 13:30,4.95,12079,Netherlands
530044,P0009,ASSORTED COLOUR BIRD ORNAMENT,8,20/02/2024 11:48,1.69,12055,United Kingdom
530045,P0001,WHITE HANGING HEART T-LIGHT HOLDER,4,06/07/2024 14:39,2.95,12031,Netherlands
530045,P0005,LUNCH BAG RED RETROSPOT,14,03/01/2024 12:03,1.65,12106,Germany
530046,P0001,WHITE HANGING HEART T-LIGHT HOLDER,9,07/08/2024 14:45,2.95,12098,United Kingdom
530046,P0009,ASSORTED COLOUR BIRD ORNAMENT,13,08/01/2024 08:40,1.69,12075,United Kingdom
530047,P0003,JUMBO BAG RED RETROSPOT,13,13/06/2024 20:50,1.95,12077,United Kingdom
530047,P0004,PARTY BUNTING,14,04/12/2024 13:38,4.95,12056,United Kingdom
530048,P0001,WHITE HANGING HEART T-LIGHT HOLDER,15,16/08/2024 09:08,2.95,12064,United Kingdom
530048,P0010,NATURAL SLATE HEART CHALKBOARD,1,19/03/2024 19:28,2.95,12022,Spain
530049,P0007,PACK OF 72 RETROSPOT CAKE CASES,2,14/07/2024 14:42,0.55,12025,United Kingdom
530049,P0010,NATURAL SLATE HEART CHALKBOARD,8,13/03/2024 19:01,2.95,12060,United Kingdom
530050,P0006,SET OF 3 CAKE TINS PANTRY DESIGN,5,23/04/2024 14:44,4.95,12114,Germany
530050,P0003,JUMBO BAG RED RETROSPOT,2,16/08/2024 15:05,1.95,12031,United Kingdom
530051,P0009,ASSORTED COLOUR BIRD ORNAMENT,12,08/06/2024 09:16,1.69,12041,United Kingdom
530051,P0007,PACK OF 72 RETROSPOT CAKE CASES,1,18/08/2024 12:32,0.55,12114,United Kingdom
530052,P0009,ASSORTED COLOUR BIRD ORNAMENT,4,17/05/2024 19:10,1.69,12004,United Kingdom
530052,P0001,WHITE HANGING HEART T-LIGHT HOLDER,4,02/07/2024 09:45,2.95,12041,United Kingdom
530053,P0003,JUMBO BAG RED RETROSPOT,3,26/04/2024 11:32,1.95,12073,EIRE
530053,P0008,PAPER CHAIN KIT 50'S CHRISTMAS,15,06/11/2024 17:00,2.55,12091,EIRE
530054,P0007,PACK OF 72 RETROSPOT CAKE CASES,6,30/11/2024 15:26,0.55,12059,United Kingdom
530054,P0002,REGENCY CAKESTAND 3 TIER,2,24/10/2024 08:01,12.75,12036,United Kingdom
530055,P0001,WHITE HANGING HEART T-LIGHT HOLDER,3,23/10/2024 20:24,2.95,12023,EIRE
530055,P0006,SET OF 3 CAKE TINS PANTRY DESIGN,15,19/06/2024 19:10,4.95,12062,Belgium
530056,P0005,LUNCH BAG RED RETROSPOT,11,29/04/2024 17:29,1.65,12090,France
530056,P0010,NATURAL SLATE HEART CHALKBOARD,10,31/07/2024 11:10,2.95,12112,United Kingdom
530057,P0005,LUNCH BAG RED RETROSPOT,11,07/06/2024 15:34,1.65,12098,United Kingdom
530057,P0003,JUMBO BAG RED RETROSPOT,6,27/09/2024 19:21,1.95,12093,United Kingdom
530058,P0002,REGENCY CAKESTAND 3 TIER,6,04/06/2024 20:06,12.75,12064,United Kingdom
530058,P0006,SET OF 3 CAKE TINS PANTRY DESIGN,3,18/04/2024 09:51,4.95,12076,United Kingdom
530059,P0003,JUMBO BAG RED RETROSPOT,14,31/08/2024 13:59,1.95,12108,United Kingdom
530059,P0004,PARTY BUNTING,13,31/08/2024 11:38,4.95,12003,Spain
530060,P0004,PARTY BUNTING,13,02/05/2024 20:35,4.95,12009,United Kingdom
530060,P0008,PAPER CHAIN KIT 50'S CHRISTMAS,5,30/07/2024 17:15,2.55,12068,United Kingdom
530061,P0003,JUMBO BAG RED RETROSPOT,11,30/03/2024 13:28,1.95,12099,United Kingdom
530061,P0008,PAPER CHAIN KIT 50'S CHRISTMAS,5,15/05/2024 12:04,2.55,12049,Spain
530062,P0003,JUMBO BAG RED RETROSPOT,7,12/12/2024 08:33,1.95,12043,Belgium
530062,P0001,WHITE HANGING HEART T-LIGHT HOLDER,8,05/01/2024 11:41,2.95,12078,United Kingdom
530063,P0005,LUNCH BAG RED RETROSPOT,9,20/11/2024 18:23,1.65,12038,United Kingdom
530063,P0004,PARTY BUNTING,1,21/12/2024 11:02,4.95,12096,United Kingdom
530064,P0006,SET OF 3 CAKE TINS PANTRY DESIGN,14,07/08/2024 08:25,4.95,12104,EIRE
530064,P0010,NATURAL SLATE HEART CHALKBOARD,11,22/04/2024 20:58,2.95,12034,Spain
530065,P0009,ASSORTED COLOUR BIRD ORNAMENT,14,16/09/2024 12:36,1.69,12032,United Kingdom
530065,P0001,WHITE HANGING HEART T-LIGHT HOLDER,12,19/11/2024 20:23,2.95,12028,United Kingdom
530066,P0008,PAPER CHAIN KIT 50'S CHRISTMAS,1,10/10/2024 10:43,2.55,12040,Spain
530066,P0010,NATURAL SLATE HEART CHALKBOARD,6,15/02/2024 17:49,2.95,12038,United Kingdom
530067,P0005,LUNCH BAG RED RETROSPOT,9,19/09/2024 20:58,1.65,12065,France
530067,P0002,REGENCY CAKESTAND 3 TIER,5,05/01/2024 13:27,12.75,12095,France
530068,P0010,NATURAL SLATE HEART CHALKBOARD,5,08/12/2024 19:58,2.95,12119,Belgium
530068,P0007,PACK OF 72 RETROSPOT CAKE CASES,9,09/10/2024 16:34,0.55,12078,United Kingdom
530069,P0010,NATURAL SLATE HEART CHALKBOARD,12,20/03/2024 12:03,2.95,12058,Spain
530069,P0005,LUNCH BAG RED RETROSPOT,2,10/11/2024 18:55,1.65,12011,Spain
530070,P0004,PARTY BUNTING,6,27/01/2024 11:12,4.95,12036,United Kingdom
530070,P0007,PACK OF 72 RETROSPOT CAKE CASES,9,09/09/2024 08:04,0.55,12091,United Kingdom
530071,P0002,REGENCY CAKESTAND 3 TIER,11,25/12/2024 18:10,12.75,12062,France
530071,P0001,WHITE HANGING HEART T-LIGHT HOLDER,9,20/07/2024 19:33,2.95,12025,United Kingdom
530072,P0002,REGENCY CAKESTAND 3 TIER,1,09/11/2024 20:01,12.75,12078,United Kingdom
530072,P0010,NATURAL SLATE HEART CHALKBOARD,10,08/04/2024 10:43,2.95,12091,United Kingdom
530073,P0004,PARTY BUNTING,4,02/03/2024 12:53,4.95,12017,United Kingdom
530073,P0003,JUMBO BAG RED RETROSPOT,15,04/07/2024 16:59,1.95,12114,United Kingdom
530074,P0008,PAPER CHAIN KIT 50'S CHRISTMAS,15,13/02/2024 09:40,2.55,12070,United Kingdom
530074,P0006,SET OF 3 CAKE TINS PANTRY DESIGN,10,27/07/2024 14:59,4.95,12065,United Kingdom
530075,P0005,LUNCH BAG RED RETROSPOT,5,25/12/2024 11:15,1.65,12120,Netherlands
530075,P0010,NATURAL SLATE HEART CHALKBOARD,7,01/06/2024 10:12,2.95,12043,Germany
530076,P0001,WHITE HANGING HEART T-LIGHT HOLDER,4,24/04/2024 12:49,2.95,12099,United Kingdom
530076,P0005,LUNCH BAG RED RETROSPOT,8,02/07/2024 18:56,1.65,12067,United Kingdom
530077,P0003,JUMBO BAG RED RETROSPOT,4,26/07/2024 12:40,1.95,12033,United Kingdom
530077,P0006,SET OF 3 CAKE TINS PANTRY DESIGN,4,19/10/2024 17:26,4.95,12070,United Kingdom
530078,P0003,JUMBO BAG RED RETROSPOT,4,03/09/2024 08:15,1.95,12027,Netherlands
530078,P0009,ASSORTED COLOUR BIRD ORNAMENT,7,19/02/2024 09:55,1.69,12087,United Kingdom
530079,P0009,ASSORTED COLOUR BIRD ORNAMENT,3,01/02/2024 11:08,1.69,12002,United Kingdom
530079,P0007,PACK OF 72 RETROSPOT CAKE CASES,10,21/04/2024 13:55,0.55,12011,Germany
530080,P0007,PACK OF 72 RETROSPOT CAKE CASES,14,10/05/2024 13:05,0.55,12030,United Kingdom
530080,P0008,PAPER CHAIN KIT 50'S CHRISTMAS,7,19/04/2024 13:09,2.55,12021,United Kingdom
530081,P0001,WHITE HANGING HEART T-LIGHT HOLDER,10,03/08/2024 18:03,2.95,12067,United Kingdom
530081,P0010,NATURAL SLATE HEART CHALKBOARD,15,30/07/2024 19:10,2.95,12047,United Kingdom
530082,P0001,WHITE HANGING HEART T-LIGHT HOLDER,7,30/06/2024 12:02,2.95,12082,United Kingdom
530082,P0006,SET OF 3 CAKE TINS PANTRY DESIGN,4,30/03/2024 08:59,4.95,12010,United Kingdom
530083,P0001,WHITE HANGING HEART T-LIGHT HOLDER,7,28/03/2024 18:32,2.95,12077,United Kingdom
530083,P0002,REGENCY CAKESTAND 3 TIER,4,06/05/2024 08:21,12.75,12080,United Kingdom
530084,P0010,NATURAL SLATE HEART CHALKBOARD,2,04/01/2024 17:09,2.95,12026,United Kingdom
530084,P0001,WHITE HANGING HEART T-LIGHT HOLDER,1,16/06/2024 16:47,2.95,12076,Netherlands
530085,P0003,JUMBO BAG RED RETROSPOT,14,06/03/2024 10:54,1.95,12096,France
530085,P0006,SET OF 3 CAKE TINS PANTRY DESIGN,13,04/02/2024 16:03,4.95,12041,United Kingdom
530086,P0010,NATURAL SLATE HEART CHALKBOARD,8,12/04/2024 12:55,2.95,12103,France
530086,P0004,PARTY BUNTING,9,13/10/2024 18:41,4.95,12031,Germany
530087,P0007,PACK OF 72 RETROSPOT CAKE CASES,8,18/08/2024 10:08,0.55,12051,Belgium
530087,P0002,REGENCY CAKESTAND 3 TIER,11,21/02/2024 18:44,12.75,12091,United Kingdom
530088,P0005,LUNCH BAG RED RETROSPOT,5,30/11/2024 17:43,1.65,12007,United Kingdom
530088,P0009,ASSORTED COLOUR BIRD ORNAMENT,1,11/04/2024 19:10,1.69,12020,EIRE
530089,P0003,JUMBO BAG RED RETROSPOT,6,03/04/2024 10:49,1.95,12007,United Kingdom
530089,P0005,LUNCH BAG RED RETROSPOT,1,06/06/2024 14:40,1.65,12033,Belgium
530090,P0009,ASSORTED COLOUR BIRD ORNAMENT,3,21/10/2024 15:19,1.69,12091,United Kingdom
530090,P0001,WHITE HANGING HEART T-LIGHT HOLDER,10,06/05/2024 16:05,2.95,12066,United Kingdom
530091,P0008,PAPER CHAIN KIT 50'S CHRISTMAS,7,23/05/2024 13:41,2.55,12007,United Kingdom
530091,P0001,WHITE HANGING HEART T-LIGHT HOLDER,8,05/05/2024 20:31,2.95,12010,United Kingdom
530092,P0007,PACK OF 72 RETROSPOT CAKE CASES,3,27/05/2024 16:34,0.55,12083,Netherlands
530092,P0009,ASSORTED COLOUR BIRD ORNAMENT,8,05/06/2024 08:07,1.69,12092,EIRE
530093,P0007,PACK OF 72 RETROSPOT CAKE CASES,15,17/02/2024 16:33,0.55,12001,United Kingdom
530093,P0008,PAPER CHAIN KIT 50'S CHRISTMAS,11,04/07/2024 13:55,2.55,12089,United Kingdom
530094,P0005,LUNCH BAG RED RETROSPOT,7,02/01/2024 20:55,1.65,12103,United Kingdom
530094,P0005,LUNCH BAG RED RETROSPOT,12,01/06/2024 09:10,1.65,12028,Spain
530095,P0006,SET OF 3 CAKE TINS PANTRY DESIGN,3,26/04/2024 14:32,4.95,12115,United Kingdom
530095,P0003,JUMBO BAG RED RETROSPOT,11,12/02/2024 09:21,1.95,12067,United Kingdom
530096,P0004,PARTY BUNTING,11,29/05/2024 14:38,4.95,12048,Belgium
530096,P0002,REGENCY CAKESTAND 3 TIER,14,11/11/2024 20:43,12.75,12116,United Kingdom
530097,P0009,ASSORTED COLOUR BIRD ORNAMENT,15,08/09/2024 15:57,1.69,12091,United Kingdom
530097,P0007,PACK OF 72 RETROSPOT CAKE CASES,5,24/07/2024 15:09,0.55,12117,United Kingdom
530098,P0004,PARTY BUNTING,11,27/01/2024 12:15,4.95,12068,France
530098,P0002,REGENCY CAKESTAND 3 TIER,7,18/10/2024 20:03,12.75,12052,United Kingdom
530099,P0005,LUNCH BAG RED RETROSPOT,7,19/05/2024 16:12,1.65,12055,EIRE
530099,P0004,PARTY BUNTING,10,15/04/2024 16:55,4.95,12073,United Kingdom
530100,P0006,SET OF 3 CAKE TINS PANTRY DESIGN,4,03/08/2024 10:40,4.95,12058,United Kingdom
530100,P0006,SET OF 3 CAKE TINS PANTRY DESIGN,11,13/04/2024 08:30,4.95,12039,United Kingdom
530101,P0010,NATURAL SLATE HEART CHALKBOARD,14,25/11/2024 12:56,2.95,12115,United Kingdom
530101,P0003,JUMBO BAG RED RETROSPOT,10,23/08/2024 18:02,1.95,12098,United Kingdom
530102,P0009,ASSORTED COLOUR BIRD ORNAMENT,6,25/05/2024 10:14,1.69,12055,United Kingdom
530102,P0007,PACK OF 72 RETROSPOT CAKE CASES,14,11/04/2024 08:17,0.55,12099,France
530103,P0003,JUMBO BAG RED RETROSPOT,5,11/01/2024 14:53,1.95,12120,United Kingdom
530103,P0002,REGENCY CAKESTAND 3 TIER,13,01/07/2024 20:12,12.75,12034,France
530104,P0005,LUNCH BAG RED RETROSPOT,14,21/10/2024 18:29,1.65,12089,France
530104,P0009,ASSORTED COLOUR BIRD ORNAMENT,7,04/12/2024 18:12,1.69,12003,United Kingdom
530105,P0006,SET OF 3 CAKE TINS PANTRY DESIGN,2,19/11/2024 12:06,4.95,12089,United Kingdom
530105,P0004,PARTY BUNTING,8,10/03/2024 15:04,4.95,12075,United Kingdom
530106,P0002,REGENCY CAKESTAND 3 TIER,11,31/08/2024 15:30,12.75,12006,United Kingdom
530106,P0006,SET OF 3 CAKE TINS PANTRY DESIGN,7,10/02/2024 09:51,4.95,12011,France
530107,P0008,PAPER CHAIN KIT 50'S CHRISTMAS,5,24/10/2024 14:16,2.55,12076,Belgium
530107,P0008,PAPER CHAIN KIT 50'S CHRISTMAS,2,09/10/2024 12:16,2.55,12039,Germany
530108,P0006,SET OF 3 CAKE TINS PANTRY DESIGN,2,08/08/2024 14:16,4.95,12103,Netherlands
530108,P0009,ASSORTED COLOUR BIRD ORNAMENT,9,17/11/2024 12:59,1.69,12017,EIRE
530109,P0001,WHITE HANGING HEART T-LIGHT HOLDER,7,26/08/2024 15:34,2.95,12085,United Kingdom
530109,P0004,PARTY BUNTING,6,22/03/2024 16:14,4.95,12084,United Kingdom
530110,P0010,NATURAL SLATE HEART CHALKBOARD,13,30/10/2024 20:22,2.95,12029,United Kingdom
530110,P0006,SET OF 3 CAKE TINS PANTRY DESIGN,6,31/08/2024 14:52,4.95,12036,United Kingdom
530111,P0001,WHITE HANGING HEART T-LIGHT HOLDER,7,10/01/2024 19:34,2.95,12118,United Kingdom
530111,P0005,LUNCH BAG RED RETROSPOT,15,31/10/2024 19:54,1.65,12085,United Kingdom
530112,P0006,SET OF 3 CAKE TINS PANTRY DESIGN,2,22/04/2024 14:16,4.95,12110,United Kingdom
530112,P0009,ASSORTED COLOUR BIRD ORNAMENT,4,17/04/2024 20:21,1.69,12076,United Kingdom
530113,P0010,NATURAL SLATE HEART CHALKBOARD,5,28/09/2024 14:37,2.95,12012,Belgium
530113,P0007,PACK OF 72 RETROSPOT CAKE CASES,15,22/09/2024 11:47,0.55,12102,United Kingdom
530114,P0002,REGENCY CAKESTAND 3 TIER,7,10/01/2024 16:45,12.75,12047,EIRE
530114,P0003,JUMBO BAG RED RETROSPOT,1,22/11/2024 15:37,1.95,12110,United Kingdom
530115,P0008,PAPER CHAIN KIT 50'S CHRISTMAS,7,03/06/2024 08:26,2.55,12080,United Kingdom
530115,P0007,PACK OF 72 RETROSPOT CAKE CASES,11,20/01/2024 15:36,0.55,12102,United Kingdom
530116,P0004,PARTY BUNTING,1,02/02/2024 12:15,4.95,12086,United Kingdom
530116,P0007,PACK OF 72 RETROSPOT CAKE CASES,15,26/09/2024 13:23,0.55,12079,EIRE
530117,P0001,WHITE HANGING HEART T-LIGHT HOLDER,11,31/07/2024 12:03,2.95,12002,United Kingdom
530117,P0002,REGENCY CAKESTAND 3 TIER,2,26/05/2024 11:14,12.75,12003,United Kingdom
530118,P0008,PAPER CHAIN KIT 50'S CHRISTMAS,15,25/02/2024 08:35,2.55,12103,United Kingdom
530118,P0007,PACK OF 72 RETROSPOT CAKE CASES,13,16/07/2024 20:16,0.55,12037,United Kingdom
530119,P0010,NATURAL SLATE HEART CHALKBOARD,4,21/01/2024 09:34,2.95,12008,EIRE
530119,P0008,PAPER CHAIN KIT 50'S CHRISTMAS,3,24/02/2024 10:05,2.55,12048,United Kingdom
530120,P0001,WHITE HANGING HEART T-LIGHT HOLDER,1,11/07/2024 13:48,2.95,12053,EIRE
530120,P0010,NATURAL SLATE HEART CHALKBOARD,11,08/11/2024 18:42,2.95,12070,EIRE
530121,P0010,NATURAL SLATE HEART CHALKBOARD,5,27/10/2024 13:50,2.95,12020,United Kingdom
530121,P0007,PACK OF 72 RETROSPOT CAKE CASES,15,20/04/2024 19:30,0.55,12062,EIRE
530122,P0004,PARTY BUNTING,7,26/09/2024 19:34,4.95,12106,United Kingdom
530122,P0006,SET OF 3 CAKE TINS PANTRY DESIGN,4,10/03/2024 10:57,4.95,12079,United Kingdom
530123,P0009,ASSORTED COLOUR BIRD ORNAMENT,1,15/05/2024 12:42,1.69,12004,Germany
530123,P0002,REGENCY CAKESTAND 3 TIER,3,12/09/2024 16:26,12.75,12087,United Kingdom
530124,P0003,JUMBO BAG RED RETROSPOT,12,26/08/2024 14:55,1.95,12072,United Kingdom
530124,P0008,PAPER CHAIN KIT 50'S CHRISTMAS,4,08/01/2024 20:36,2.55,12013,United Kingdom
530125,P0004,PARTY BUNTING,14,22/03/2024 10:29,4.95,12061,United Kingdom
530125,P0002,REGENCY CAKESTAND 3 TIER,6,17/11/2024 10:39,12.75,12059,EIRE
530126,P0010,NATURAL SLATE HEART CHALKBOARD,9,30/04/2024 12:54,2.95,12105,United Kingdom
530126,P0007,PACK OF 72 RETROSPOT CAKE CASES,11,29/07/2024 20:42,0.55,12094,United Kingdom
530127,P0006,SET OF 3 CAKE TINS PANTRY DESIGN,10,12/10/2024 11:48,4.95,12106,United Kingdom
530127,P0008,PAPER CHAIN KIT 50'S CHRISTMAS,12,17/07/2024 19:40,2.55,12028,United Kingdom
530128,P0002,REGENCY CAKESTAND 3 TIER,6,30/10/2024 16:12,12.75,12065,United Kingdom
530128,P0007,PACK OF 72 RETROSPOT CAKE CASES,4,25/08/2024 17:50,0.55,12031,France
530129,P0007,PACK OF 72 RETROSPOT CAKE CASES,15,27/03/2024 15:21,0.55,12023,United Kingdom
530129,P0001,WHITE HANGING HEART T-LIGHT HOLDER,9,11/08/2024 13:19,2.95,12074,United Kingdom
530130,P0009,ASSORTED COLOUR BIRD ORNAMENT,4,28/03/2024 12:22,1.69,12063,United Kingdom
530130,P0007,PACK OF 72 RETROSPOT CAKE CASES,5,18/05/2024 20:47,0.55,12084,EIRE
530131,P0009,ASSORTED COLOUR BIRD ORNAMENT,3,16/04/2024 14:01,1.69,12055,United Kingdom
530131,P0010,NATURAL SLATE HEART CHALKBOARD,3,03/04/2024 20:08,2.95,12089,United Kingdom
530132,P0006,SET OF 3 CAKE TINS PANTRY DESIGN,15,01/02/2024 15:01,4.95,12110,United Kingdom
530132,P0007,PACK OF 72 RETROSPOT CAKE CASES,5,09/12/2024 18:19,0.55,12050,United Kingdom
530133,P0010,NATURAL SLATE HEART CHALKBOARD,3,26/12/2024 10:40,2.95,12098,United Kingdom
530133,P0003,JUMBO BAG RED RETROSPOT,8,24/05/2024 15:42,1.95,12045,United Kingdom
530134,P0003,JUMBO BAG RED RETROSPOT,10,13/07/2024 09:02,1.95,12114,Netherlands
530134,P0002,REGENCY CAKESTAND 3 TIER,3,18/05/2024 16:40,12.75,12099,France
530135,P0007,PACK OF 72 RETROSPOT CAKE CASES,6,14/09/2024 19:05,0.55,12045,United Kingdom
530135,P0001,WHITE HANGING HEART T-LIGHT HOLDER,13,23/08/2024 12:44,2.95,12097,United Kingdom
530136,P0001,WHITE HANGING HEART T-LIGHT HOLDER,14,14/05/2024 09:23,2.95,12047,Germany
530136,P0006,SET OF 3 CAKE TINS PANTRY DESIGN,15,30/11/2024 15:52,4.95,12107,Spain
530137,P0001,WHITE HANGING HEART T-LIGHT HOLDER,13,20/04/2024 10:20,2.95,12020,EIRE
530137,P0004,PARTY BUNTING,4,15/12/2024 13:57,4.95,12120,Netherlands
530138,P0006,SET OF 3 CAKE TINS PANTRY DESIGN,4,03/12/2024 13:04,4.95,12066,Germany
530138,P0006,SET OF 3 CAKE TINS PANTRY DESIGN,4,03/07/2024 08:53,4.95,12094,United Kingdom
530139,P0010,NATURAL SLATE HEART CHALKBOARD,6,03/12/2024 15:24,2.95,12089,Spain
530139,P0004,PARTY BUNTING,2,22/09/2024 12:31,4.95,12082,United Kingdom
530140,P0002,REGENCY CAKESTAND 3 TIER,2,07/05/2024 14:17,12.75,12012,United Kingdom
530140,P0005,LUNCH BAG RED RETROSPOT,1,14/03/2024 14:13,1.65,12068,France
530141,P0005,LUNCH BAG RED RETROSPOT,1,30/12/2024 11:22,1.65,12019,United Kingdom
530141,P0004,PARTY BUNTING,4,16/03/2024 08:20,4.95,12003,United Kingdom
530142,P0008,PAPER CHAIN KIT 50'S CHRISTMAS,9,01/01/2024 17:22,2.55,12050,EIRE
530142,P0009,ASSORTED COLOUR BIRD ORNAMENT,5,12/01/2024 09:47,1.69,12025,United Kingdom
530143,P0010,NATURAL SLATE HEART CHALKBOARD,10,30/12/2024 17:41,2.95,12009,Germany
530143,P0004,PARTY BUNTING,13,25/11/2024 15:30,4.95,12004,France
530144,P0002,REGENCY CAKESTAND 3 TIER,11,23/02/2024 16:00,12.75,12039,Belgium
530144,P0010,NATURAL SLATE HEART CHALKBOARD,9,09/08/2024 12:31,2.95,12045,United Kingdom
530145,P0010,NATURAL SLATE HEART CHALKBOARD,2,08/02/2024 18:34,2.95,12050,United Kingdom
530145,P0001,WHITE HANGING HEART T-LIGHT HOLDER,3,08/09/2024 11:35,2.95,12086,United Kingdom
530146,P0007,PACK OF 72 RETROSPOT CAKE CASES,10,22/06/2024 13:54,0.55,12031,Germany
530146,P0002,REGENCY CAKESTAND 3 TIER,10,15/10/2024 16:46,12.75,12032,France
530147,P0002,REGENCY CAKESTAND 3 TIER,3,21/01/2024 10:05,12.75,12116,United Kingdom
530147,P0002,REGENCY CAKESTAND 3 TIER,3,26/10/2024 20:44,12.75,12110,United Kingdom
530148,P0010,NATURAL SLATE HEART CHALKBOARD,14,26/04/2024 20:18,2.95,12012,Spain
530148,P0005,LUNCH BAG RED RETROSPOT,11,05/07/2024 13:41,1.65,12016,United Kingdom
530149,P0005,LUNCH BAG RED RETROSPOT,1,26/09/2024 15:00,1.65,12085,United Kingdom
530149,P0007,PACK OF 72 RETROSPOT CAKE CASES,15,24/01/2024 09:27,0.55,12054,Spain
530150,P0001,WHITE HANGING HEART T-LIGHT HOLDER,10,11/04/2024 16:17,2.95,12085,Belgium
530150,P0002,REGENCY CAKESTAND 3 TIER,9,10/08/2024 17:10,12.75,12090,EIRE
530151,P0003,JUMBO BAG RED RETROSPOT,7,02/05/2024 19:51,1.95,12019,Spain
530151,P0004,PARTY BUNTING,14,24/03/2024 19:24,4.95,12080,United Kingdom
530152,P0007,PACK OF 72 RETROSPOT CAKE CASES,1,02/08/2024 11:58,0.55,12069,Germany
530152,P0010,NATURAL SLATE HEART CHALKBOARD,5,01/06/2024 10:01,2.95,12073,United Kingdom
530153,P0003,JUMBO BAG RED RETROSPOT,2,22/03/2024 08:54,1.95,12085,Spain
530153,P0004,PARTY BUNTING,14,23/01/2024 11:01,4.95,12030,United Kingdom
530154,P0006,SET OF 3 CAKE TINS PANTRY DESIGN,1,02/02/2024 08:03,4.95,12090,United Kingdom
530154,P0004,PARTY BUNTING,4,13/01/2024 20:23,4.95,12091,United Kingdom
530155,P0009,ASSORTED COLOUR BIRD ORNAMENT,8,28/03/2024 19:12,1.69,12037,United Kingdom
530155,P0008,PAPER CHAIN KIT 50'S CHRISTMAS,8,27/04/2024 10:58,2.55,12015,United Kingdom
530156,P0004,PARTY BUNTING,1,07/06/2024 19:31,4.95,12029,France
530156,P0008,PAPER CHAIN KIT 50'S CHRISTMAS,1,24/12/2024 15:04,2.55,12069,United Kingdom
530157,P0001,WHITE HANGING HEART T-LIGHT HOLDER,5,13/07/2024 20:18,2.95,12095,Spain
530157,P0003,JUMBO BAG RED RETROSPOT,8,19/12/2024 19:50,1.95,12082,United Kingdom
530158,P0008,PAPER CHAIN KIT 50'S CHRISTMAS,10,25/09/2024 14:54,2.55,12015,United Kingdom
530158,P0002,REGENCY CAKESTAND 3 TIER,8,25/11/2024 13:53,12.75,12051,United Kingdom
530159,P0001,WHITE HANGING HEART T-LIGHT HOLDER,7,05/04/2024 09:21,2.95,12078,United Kingdom
530159,P0009,ASSORTED COLOUR BIRD ORNAMENT,15,10/03/2024 08:39,1.69,12048,United Kingdom
530160,P0007,PACK OF 72 RETROSPOT CAKE CASES,9,28/08/2024 20:41,0.55,12013,United Kingdom
530160,P0002,REGENCY CAKESTAND 3 TIER,3,19/09/2024 20:59,12.75,12015,United Kingdom
530161,P0005,LUNCH BAG RED RETROSPOT,7,25/09/2024 18:46,1.65,12011,Germany
530161,P0001,WHITE HANGING HEART T-LIGHT HOLDER,12,08/12/2024 12:11,2.95,12117,United Kingdom
530162,P0009,ASSORTED COLOUR BIRD ORNAMENT,13,10/05/2024 10:34,1.69,12071,United Kingdom
530162,P0006,SET OF 3 CAKE TINS PANTRY DESIGN,3,06/08/2024 10:11,4.95,12106,United Kingdom
530163,P0005,LUNCH BAG RED RETROSPOT,8,10/04/2024 08:13,1.65,12094,Netherlands
530163,P0003,JUMBO BAG RED RETROSPOT,11,05/06/2024 19:21,1.95,12031,United Kingdom
530164,P0004,PARTY BUNTING,2,20/05/2024 12:47,4.95,12106,United Kingdom
530164,P0006,SET OF 3 CAKE TINS PANTRY DESIGN,5,13/07/2024 12:31,4.95,12107,United Kingdom
530165,P0006,SET OF 3 CAKE TINS PANTRY DESIGN,5,26/12/2024 12:42,4.95,12036,United Kingdom
530165,P0010,NATURAL SLATE HEART CHALKBOARD,4,16/12/2024 11:11,2.95,12054,United Kingdom
530166,P0001,WHITE HANGING HEART T-LIGHT HOLDER,14,24/05/2024 08:17,2.95,12022,Netherlands
530166,P0006,SET OF 3 CAKE TINS PANTRY DESIGN,10,19/12/2024 10:38,4.95,12114,United Kingdom
530167,P0002,REGENCY CAKESTAND 3 TIER,4,30/08/2024 08:35,12.75,12095,Spain
530167,P0009,ASSORTED COLOUR BIRD ORNAMENT,1,19/02/2024 08:44,1.69,12079,United Kingdom
530168,P0009,ASSORTED COLOUR BIRD ORNAMENT,11,30/04/2024 15:41,1.69,12005,France
530168,P0008,PAPER CHAIN KIT 50'S CHRISTMAS,4,16/11/2024 16:04,2.55,12050,United Kingdom
530169,P0002,REGENCY CAKESTAND 3 TIER,12,03/02/2024 09:59,12.75,12039,United Kingdom
530169,P0009,ASSORTED COLOUR BIRD ORNAMENT,4,29/08/2024 16:49,1.69,12102,United Kingdom
530170,P0003,JUMBO BAG RED RETROSPOT,14,24/01/2024 10:41,1.95,12068,United Kingdom
530170,P0006,SET OF 3 CAKE TINS PANTRY DESIGN,15,13/07/2024 15:34,4.95,12083,France
530171,P0010,NATURAL SLATE HEART CHALKBOARD,5,31/01/2024 19:55,2.95,12063,United Kingdom
530171,P0006,SET OF 3 CAKE TINS PANTRY DESIGN,12,26/01/2024 17:05,4.95,12038,United Kingdom
530172,P0001,WHITE HANGING HEART T-LIGHT HOLDER,2,30/01/2024 16:21,2.95,12073,United Kingdom
530172,P0003,JUMBO BAG RED RETROSPOT,6,29/12/2024 10:14,1.95,12005,France
530173,P0002,REGENCY CAKESTAND 3 TIER,1,14/05/2024 20:14,12.75,12029,France
530173,P0001,WHITE HANGING HEART T-LIGHT HOLDER,1,17/07/2024 20:18,2.95,12116,United Kingdom
530174,P0006,SET OF 3 CAKE TINS PANTRY DESIGN,6,23/11/2024 10:19,4.95,12111,Germany
530174,P0007,PACK OF 72 RETROSPOT CAKE CASES,5,20/05/2024 13:13,0.55,12031,United Kingdom
530175,P0007,PACK OF 72 RETROSPOT CAKE CASES,13,25/04/2024 10:47,0.55,12066,United Kingdom
530175,P0009,ASSORTED COLOUR BIRD ORNAMENT,3,16/05/2024 16:06,1.69,12038,United Kingdom
530176,P0010,NATURAL SLATE HEART CHALKBOARD,7,13/09/2024 13:44,2.95,12013,United Kingdom
530176,P0002,REGENCY CAKESTAND 3 TIER,14,06/02/2024 10:24,12.75,12089,United Kingdom
530177,P0009,ASSORTED COLOUR BIRD ORNAMENT,10,25/02/2024 18:02,1.69,12075,Germany
530177,P0007,PACK OF 72 RETROSPOT CAKE CASES,4,31/10/2024 11:00,0.55,12106,United Kingdom
530178,P0005,LUNCH BAG RED RETROSPOT,13,27/08/2024 18:09,1.65,12098,United Kingdom
530178,P0003,JUMBO BAG RED RETROSPOT,4,13/01/2024 12:30,1.95,12113,United Kingdom
530179,P0006,SET OF 3 CAKE TINS PANTRY DESIGN,11,24/01/2024 10:06,4.95,12068,United Kingdom
530179,P0004,PARTY BUNTING,2,23/03/2024 14:11,4.95,12111,Netherlands
